{
    "name": "Mage Armor",
    "description": "Being made of slime, traditional armor isn't suited to help you take blows. However, your slimy nature lends itself to having a high natural defense. Your armor is always 18, and your toughness is always 4.",
    "type": "origins:multiple",
    "prevent_armor": {
        "type": "origins:restrict_armor",
        "head": {
            "type": "origins:constant",
            "value": true
        },
        "chest": {
            "type": "origins:constant",
            "value": true
        },
        "legs": {
            "type": "origins:constant",
            "value": true
        },
        "feet": {
            "type": "origins:constant",
            "value": true
        }
    },
    "boost_toughness": {
        "type": "origins:attribute",
        "modifier": {
            "attribute": "minecraft:generic.armor_toughness",
            "operation": "addition",
            "value": 4
        },
        "update_health": false
    },
    "boost_armor": {
        "type": "origins:attribute",
        "modifier": {
            "attribute": "minecraft:generic.armor",
            "operation": "addition",
            "value": 18
        },
        "update_health": false
    }
}