{
    "name": "Shrink",
    "description": "Press your primary ability keybind to activate your shrunk state. This makes you more fragile, but makes you exhaust slower.",
    "type": "origins:multiple",
    "activate_shrunk_state": {
        "condition": {
            "type": "origins:and",
            "conditions": [
                {
                    "inverted": true,
                    "type": "origins:power",
                    "power": "perdita:ability/starseeker/active_shrunk_state"
                },
                {
                    "type": "origins:sneaking"
                }
            ]
        },
        "type": "origins:active_self",
        "entity_action": {
            "type": "origins:and",
            "actions": [
                {
                    "type": "origins:grant_power",
                    "power": "perdita:ability/starseeker/active_shrunk_state",
                    "source": "perdita_ability_starseeker_shrink"
                },
                {
                    "type": "origins:spawn_particles",
                    "particle": "minecraft:glow",
                    "count": 100,
                    "speed": 0.5,
                    "spread": {
                        "x": 1,
                        "y": 2,
                        "z": 1
                    }
                },
                {
                    "type": "origins:execute_command",
                    "command": "scale set pehkui:base 0.5 @s"
                },
                {
                    "type": "origins:execute_command",
                    "command": "scale persist set true @s"
                }
            ]
        },
        "cooldown": 60
    },
    "deactivate_shrunk_state": {
        "condition": {
            "type": "origins:power",
            "power": "perdita:ability/starseeker/active_shrunk_state"
        },
        "type": "origins:active_self",
        "entity_action": {
            "type": "origins:and",
            "actions": [
                {
                    "type": "origins:revoke_power",
                    "power": "perdita:ability/starseeker/active_shrunk_state",
                    "source": "perdita_ability_starseeker_shrink"
                },
                {
                    "type": "origins:spawn_particles",
                    "particle": "minecraft:portal",
                    "count": 100,
                    "speed": 3,
                    "spread": {
                        "x": 0,
                        "y": 0,
                        "z": 0
                    }
                },
                {
                    "type": "origins:execute_command",
                    "command": "scale reset pehkui:base @s"
                }
            ]
        },
        "cooldown": 60
    },
    "increased_damage": {
        "condition": {
            "type": "origins:power",
            "power": "perdita:ability/starseeker/active_shrunk_state",
            "source": "perdita_ability_starseeker_shrink"
        },
        "type": "origins:modify_damage_taken",
        "modifier": {
            "operation": "multiply_base_multiplicative",
            "value": 0.4,
            "name": "perdita_shrink_fragile"
        }
    },
    "reduced_exhaustion": {
        "condition": {
            "type": "origins:power",
            "power": "perdita:ability/starseeker/active_shrunk_state",
            "source": "perdita_ability_starseeker_shrink"
        },
        "type": "origins:modify_exhaustion",
        "modifier": {
            "operation": "multiply_total_multiplicative",
            "value": -0.5,
            "name": "perdita_shrunk_state"
        }
    }
}