{
    "name": "Slime Jump",
    "description": "While in your shrunk state, you have the ability to jump extremely high.",
    "condition": {
        "type": "origins:power",
        "power": "perdita:ability/starseeker/active_shrunk_state",
        "source": "perdita_ability_starseeker_shrink"
    },
    "type": "origins:active_self",
    "entity_action": {
        "type": "origins:and",
        "actions": [
            {
                "type": "origins:add_velocity",
                "y": 2,
                "space": "world",
                "client": true,
                "server": true
            },
            {
                "type": "origins:spawn_particles",
                "particle": "irons_spellbooks:electricity",
                "count": 100,
                "spread": {
                    "x": 1,
                    "y": 0,
                    "z": 1
                },
                "offset_y": 0
            }
        ]
    },
    "cooldown": 60,
    "hud_render": {
        "should_render": true,
        "bar_index": 3
    },
    "key": "secondary"
}