{
    "name": "Burrowing",
    "description": "While your claws are out, you have the ability to burrow through blocks with a hardness less than 10 that are mineable with a pickaxe.",
    "type": "origins:multiple",
    "phasing": {
        "condition": {
            "type": "origins:equipped_item",
            "equipment_slot": "mainhand",
            "item_condition": {
                "type": "origins:empty"
            }
        },
        "type": "origins:phasing",
        "block_condition": {
            "type": "origins:and",
            "conditions": [
                {
                    "type": "origins:hardness",
                    "comparison": "<=",
                    "compare_to": 10
                },
                {
                    "type": "origins:or",
                    "conditions": [
                        {
                            "type": "origins:in_tag",
                            "tag": "minecraft:mineable/pickaxe"
                        },
                        {
                            "type": "origins:in_tag",
                            "tag": "minecraft:mineable/shovel"
                        }
                    ]
                }
            ]
        },
        "render_type": "blindness",
        "view_distance": 3
    },
    "burrowing_fall_damage_fix": {
        "type": "origins:modify_damage_taken",
        "damage_condition": {
            "type": "origins:in_tag",
            "tag": "minecraft:is_fall"
        },
        "modifier": {
            "operation": "set_total",
            "value": 0,
            "name": "perdita_burrowing"
        }
    },
    "speed_reduction": {
        "condition": {
            "type": "origins:block_collision",
            "offset_x": 0,
            "offset_y": 0,
            "offset_z": 0
        },
        "type": "origins:modify_velocity",
        "modifier": {
            "operation": "multiply_total_multiplicative",
            "value": -0.5,
            "name": "perdita_burrowing"
        },
        "axes": [
            "x",
            "y",
            "z"
        ]
    }
}