{
    "name": "Cave Vision",
    "description": "Your vision is suited for caves. While in darkness, you can see great. However, when in bright light, you go blind.",
    "type": "origins:multiple",
    "vision": {
        "condition": {
            "type": "origins:brightness",
            "comparison": "<=",
            "compare_to": 0.7
        },
        "type": "origins:night_vision",
        "strength": 0.9
    },
    "blindness": {
        "condition": {
            "type": "origins:brightness",
            "comparison": ">=",
            "compare_to": 0.7
        },
        "type": "origins:action_over_time",
        "interval": 20,
        "entity_action": {
            "type": "origins:apply_effect",
            "effect": {
                "effect": "minecraft:blindness",
                "duration": 60,
                "amplifier": 0,
                "show_particles": true,
                "show_icon": true
            }
        }
    }
}