{
    "name": "Spread Mycelium",
    "description": "Pressing the secondary ability button while looking at a dirt or grass block will convert it to mycelium at the cost of 1 hunger.",
    "condition": {
        "type": "origins:raycast",
        "distance": 5,
        "block": true,
        "entity": false,
        "shape_type": "outline",
        "fluid_handling": "any",
        "block_condition": {
            "type": "origins:or",
            "conditions": [
                {
                    "type": "origins:block",
                    "block": "minecraft:grass_block"
                },
                {
                    "type": "origins:block",
                    "block": "minecraft:dirt"
                }
            ]
        }
    },
    "type": "origins:active_self",
    "entity_action": {
        "type": "origins:and",
        "actions": [
            {
                "type": "origins:raycast",
                "distance": 5,
                "block": true,
                "entity": false,
                "shape_type": "outline",
                "fluid_handling": "any",
                "block_action": {
                    "type": "origins:set_block",
                    "block": "minecraft:mycelium"
                }
            },
            {
                "type": "origins:exhaust",
                "amount": 4
            }
        ]
    },
    "cooldown": 100,
    "hud_render": {
        "should_render": true,
        "sprite_location": "origins:textures/gui/community/spiderkolo/resource_bar_01.png",
        "bar_index": 8
    },
    "key": "secondary"
}