{
    "name": "Wet Physiology",
    "description": "While in the nether, you constantly lose of thirst every second. Additionally, taking fire damage drains some of your thirst.",
    "type": "origins:multiple",
    "fire": {
        "type": "origins:action_when_hit",
        "bientity_action": {
            "type": "origins:actor_action",
            "action": {
                "type": "origins:grant_advancement",
                "advancement": "perdita:thirsty"
            }
        },
        "damage_condition": {
            "type": "origins:in_tag",
            "tag": "minecraft:is_fire"
        },
        "cooldown": 1
    },
    "nether": {
        "condition": {
            "type": "origins:dimension",
            "dimension": "minecraft:the_nether"
        },
        "type": "origins:action_over_time",
        "interval": 20,
        "entity_action": {
            "type": "origins:grant_advancement",
            "advancement": "perdita:thirsty"
        }
    }
}