{
    "name": "Rain Strength",
    "description": "Every 5 seconds while exposed to rain or touching water, you replenish thirst and get Strength for 15 seconds.",
    "condition": {
        "type": "origins:or",
        "conditions": [
            {
                "type": "origins:fluid_height",
                "fluid": "minecraft:water",
                "comparison": "!=",
                "compare_to": 0
            },
            {
                "type": "origins:in_rain"
            }
        ]
    },
    "type": "origins:action_over_time",
    "interval": 20,
    "entity_action": {
        "type": "origins:and",
        "actions": [
            {
                "type": "origins:apply_effect",
                "effect": {
                    "effect": "minecraft:strength",
                    "duration": 100,
                    "amplifier": 0,
                    "is_ambient": true,
                    "show_particles": false,
                    "show_icon": true
                }
            },
            {
                "type": "origins:grant_advancement",
                "advancement": "perdita:absorption"
            }
        ]
    }
}