{
    "name": "Spines",
    "description": "You have spines that inflict 3 damage on attackers that hit you within a 5 block radius of yourself.",
    "type": "origins:action_when_hit",
    "bientity_action": {
        "type": "origins:actor_action",
        "action": {
            "type": "origins:damage",
            "amount": 3,
            "damage_type": "minecraft:generic"
        }
    },
    "bientity_condition": {
        "type": "origins:distance",
        "comparison": "<=",
        "compare_to": 5
    },
    "cooldown": 1
}