{
    "name": "Lightning Affinity",
    "description": "+30% Lightning Spell Power\n+30% Lightning Magic Resistance",
    "type": "origins:attribute",
    "modifiers": [
        {
            "attribute": "irons_spellbooks:lightning_spell_power",
            "operation": "addition",
            "value": 0.3,
            "name": "perdita_lightning_affinity"
        },
        {
            "attribute": "irons_spellbooks:lightning_magic_resist",
            "operation": "addition",
            "value": 0.3,
            "name": "perdita_lightning_affinity"
        }
    ],
    "update_health": false
}