{
    "name": "Rooted Mode",
    "description": "Eating a golden apple while exposed to the sun, not riding/climbing anything, and on grass, will activate rooted mode.\nThis mode lasts for 30 seconds, or until you toggle it otherwise, and has a cooldown of 2 minutes.\nWhile rooted, Photosynthesis and Absorption activate 4x as fast. Additionally, you get Precision 4 and Resistance 1 for as long as you're rooted.\nHowever, while in this state, you cannot move or jump.",
    "type": "origins:multiple",
    "duration": {
        "type": "origins:resource",
        "min": 0,
        "max": 30,
        "start_value": 0,
        "hud_render": {
            "should_render": true,
            "sprite_location": "origins:textures/gui/community/spiderkolo/resource_bar_02.png",
            "bar_index": 22,
            "condition": {
                "type": "origins:resource",
                "resource": "perdita:ability/druid/rooted_mode_duration",
                "comparison": "!=",
                "compare_to": 30
            }
        },
        "min_action": {
            "type": "origins:and",
            "actions": [
                {
                    "type": "origins:revoke_power",
                    "power": "perdita:ability/druid/active_root",
                    "source": "perdita_ability_druid_take_root"
                },
                {
                    "type": "origins:play_sound",
                    "sound": "minecraft:block.mangrove_roots.hit",
                    "volume": 1,
                    "pitch": 1
                },
                {
                    "type": "origins:spawn_particles",
                    "particle": "autumnity:falling_maple_leaf",
                    "count": 1
                }
            ]
        },
        "max_action": {
            "type": "origins:play_sound",
            "sound": "minecraft:entity.experience_orb.pickup",
            "volume": 0.5,
            "pitch": 1
        }
    },
    "active": {
        "condition": {
            "type": "origins:and",
            "conditions": [
                {
                    "type": "origins:resource",
                    "resource": "perdita:ability/druid/rooted_mode_duration",
                    "comparison": "!=",
                    "compare_to": 0
                },
                {
                    "type": "origins:power",
                    "power": "perdita:ability/druid/active_root"
                }
            ]
        },
        "type": "origins:action_over_time",
        "interval": 20,
        "entity_action": {
            "type": "origins:and",
            "actions": [
                {
                    "type": "origins:modify_resource",
                    "resource": "perdita:ability/druid/rooted_mode_duration",
                    "modifier": {
                        "operation": "add_base_early",
                        "value": -1
                    }
                },
                {
                    "type": "origins:apply_effect",
                    "effects": [
                        {
                            "effect": "tipsylib:precision",
                            "duration": 40,
                            "amplifier": 3,
                            "show_particles": true,
                            "show_icon": true
                        },
                        {
                            "effect": "minecraft:resistance",
                            "duration": 40,
                            "amplifier": 0,
                            "show_particles": true,
                            "show_icon": true
                        }
                    ]
                }
            ]
        }
    },
    "disable": {
        "condition": {
            "type": "origins:power",
            "power": "perdita:ability/druid/active_root"
        },
        "type": "origins:active_self",
        "entity_action": {
            "type": "origins:modify_resource",
            "resource": "perdita:ability/druid/rooted_mode_duration",
            "modifier": {
                "operation": "set_total",
                "value": 0
            }
        },
        "key": "primary"
    },
    "photosynthesis": {
        "condition": {
            "type": "origins:and",
            "conditions": [
                {
                    "type": "origins:exposed_to_sun"
                },
                {
                    "type": "origins:relative_health",
                    "comparison": "<=",
                    "compare_to": 1
                },
                {
                    "type": "origins:food_level",
                    "comparison": "<=",
                    "compare_to": 1
                },
                {
                    "type": "origins:power",
                    "power": "perdita:ability/druid/active_root"
                }
            ]
        },
        "type": "origins:action_over_time",
        "interval": 10,
        "entity_action": {
            "type": "origins:grant_advancement",
            "advancement": "perdita:photosynthesis"
        }
    },
    "absorption": {
        "condition": {
            "type": "origins:and",
            "conditions": [
                {
                    "type": "origins:and",
                    "conditions": [
                        {
                            "type": "origins:in_rain"
                        },
                        {
                            "type": "origins:fluid_height",
                            "fluid": "minecraft:water",
                            "comparison": "!=",
                            "compare_to": 0
                        }
                    ]
                },
                {
                    "type": "origins:power",
                    "power": "perdita:ability/druid/active_root"
                }
            ]
        },
        "type": "origins:action_over_time",
        "interval": 5,
        "entity_action": {
            "type": "origins:grant_advancement",
            "advancement": "perdita:absorption"
        }
    },
    "no_movement": {
        "condition": {
            "type": "origins:power",
            "power": "perdita:ability/druid/active_root"
        },
        "type": "origins:modify_velocity",
        "modifier": {
            "operation": "set_total",
            "value": 0,
            "name": "perdita_ability_druid_rooted_mode"
        },
        "axes": [
            "x",
            "y",
            "z"
        ]
    },
    "recharge": {
        "condition": {
            "inverted": true,
            "type": "origins:power",
            "power": "perdita:ability/druid/active_root"
        },
        "type": "origins:action_over_time",
        "interval": 80,
        "entity_action": {
            "type": "origins:modify_resource",
            "resource": "perdita:ability/druid/rooted_mode_duration",
            "modifier": {
                "operation": "add_base_early",
                "value": 1
            }
        }
    },
    "prevent_sprinting": {
        "condition": {
            "type": "origins:power",
            "power": "perdita:ability/druid/active_root"
        },
        "type": "origins:prevent_sprinting"
    }
}