{
    "name": "Druid",
    "description": "Insert lore here. Plant people kinda? Made out of plants and good with nature magic, but thirsty and weak to fire. Some regen.",
    "powers": [
        "perdita:ability/general/thirsty",
        "perdita:ability/general/antidigestive",
        "perdita:ability/magic/nature_affinity",
        "perdita:ability/magic/fire_antipathy",
        "perdita:ability/druid/precision",
        "perdita:ability/druid/double_fire",
        "perdita:ability/druid/combustion",
        "perdita:ability/general/absorption",
        "perdita:ability/druid/take_root",
        "perdita:ability/druid/rooted_mode",
        "perdita:ability/druid/photosynthesis",
        "perdita:dreamscape"
    ],
    "icon": {
        "item": "immersive_weathering:moss_clump",
        "amount": 1
    },
    "order": 1,
    "impact": 1
}