{
    "name": "Soulfiend",
    "description": "Disgusting amalgamation of flesh and souls, borne of the underworld. Insert proper lore here.",
    "powers": [
        "perdita:ability/general/robust1",
        "perdita:ability/general/thirstless",
        "perdita:ability/general/carnivore",
        "perdita:ability/magic/blood_affinity",
        "perdita:ability/magic/holy_antipathy",
        "perdita:ability/soulfiend/soul_drain",
        "perdita:ability/soulfiend/soul_capture",
        "perdita:ability/soulfiend/undead",
        "perdita:ability/soulfiend/fire_resistance",
        "perdita:ability/soulfiend/sun_withering",
        "perdita:ability/soulfiend/water_weakness",
        "perdita:ability/soulfiend/soul_speed",
        "perdita:ability/soulfiend/potion_immune",
        "perdita:ability/soulfiend/nether_spawn",
        "perdita:ability/soulfiend/claws",
        "perdita:dreamscape"
    ],
    "icon": {
        "item": "minecraft:rotten_flesh"
    },
    "order": 7,
    "impact": 3
}