{
    "name": "Ethereal Boon",
    "description": "Due to your inherently magical nature, all spells you cast are significantly stronger, and you have a large reservoir of mana.",
    "type": "origins:attribute",
    "modifiers": [
        {
            "attribute": "irons_spellbooks:spell_power",
            "operation": "multiply_total",
            "value": 0.6,
            "name": "perdita_spell_power"
        },
        {
            "attribute": "irons_spellbooks:mana_regen",
            "operation": "multiply_total",
            "value": 0.4
        },
        {
            "attribute": "irons_spellbooks:max_mana",
            "operation": "multiply_total",
            "value": 0.4
        }
    ],
    "update_health": false
}