{
    "name": "Blooming Recovery",
    "description": "The sculk infestation in your body sees it fit to keep you alive, helping to seal wounds and sate your appetite whenever you feed it XP. (When not at full HP and hunger, incoming XP is halved, but each orb will recover some HP and hunger).",
    "condition": {
        "type": "origins:or",
        "conditions": [
            {
                "type": "origins:relative_health",
                "comparison": "<",
                "compare_to": 1
            },
            {
                "type": "origins:food_level",
                "comparison": "<",
                "compare_to": 20
            }
        ]
    },
    "type": "origins:modify_xp_gain",
    "modifier": {
        "operation": "multiply_total_multiplicative",
        "value": -0.5,
        "name": "perdita_blooming_recovery"
    }
}