{
    "name": "Planar Sight",
    "description": "Your sculk nature is extremely sensitive to noise. The squelching of rotten flesh, the scraping of bones, or simply the heartbeat of a living creature, none escape your sight.",
    "type": "origins:action_over_time",
    "interval": 200,
    "entity_action": {
        "type": "origins:apply_effect",
        "effect": {
            "effect": "irons_spellbooks:planar_sight",
            "duration": 220,
            "amplifier": 0,
            "is_ambient": true,
            "show_particles": false,
            "show_icon": false
        }
    }
}