{
    "name": "Kintsugi",
    "description": "Due to your body being made of ceramic, you don't regenerate HP normally. Instead, you may fill your cracks with clay blocks, or gold ingots. (5s cooldown)",
    "type": "origins:multiple",
    "regen": {
        "condition": {
            "type": "origins:and",
            "conditions": [
                {
                    "type": "origins:equipped_item",
                    "equipment_slot": "mainhand",
                    "item_condition": {
                        "type": "origins:or",
                        "conditions": [
                            {
                                "type": "origins:ingredient",
                                "ingredient": {
                                    "item": "minecraft:clay"
                                }
                            },
                            {
                                "type": "origins:ingredient",
                                "ingredient": {
                                    "item": "minecraft:gold_ingot"
                                }
                            }
                        ]
                    }
                },
                {
                    "type": "origins:relative_health",
                    "comparison": "<=",
                    "compare_to": 1
                }
            ]
        },
        "type": "origins:active_self",
        "entity_action": {
            "type": "origins:and",
            "actions": [
                {
                    "type": "origins:equipped_item_action",
                    "equipment_slot": "mainhand",
                    "action": {
                        "type": "origins:consume",
                        "amount": 1
                    }
                },
                {
                    "type": "origins:heal",
                    "amount": 5
                },
                {
                    "type": "origins:play_sound",
                    "sound": "minecraft:entity.iron_golem.repair",
                    "volume": 1,
                    "pitch": 1
                }
            ]
        },
        "cooldown": 20
    },
    "prevent_regen": {
        "type": "origins:disable_regen"
    }
}