{
    "name": "Water Weakness",
    "description": "You are weak to water. The foreign substance seems to cause your form to slowly break apart.",
    "condition": {
        "type": "origins:or",
        "conditions": [
            {
                "type": "origins:in_rain"
            },
            {
                "type": "origins:fluid_height",
                "fluid": "minecraft:water",
                "comparison": "!=",
                "compare_to": 0
            }
        ]
    },
    "type": "origins:action_over_time",
    "interval": 20,
    "entity_action": {
        "type": "origins:apply_effect",
        "effect": {
            "effect": "minecraft:weakness",
            "duration": 100,
            "amplifier": 0,
            "show_particles": true,
            "show_icon": true
        }
    }
}