{
    "name": "Holy Antipathy",
    "description": "-30% Holy Spell Power\n-30% Holy Magic Resistance",
    "type": "origins:attribute",
    "modifiers": [
        {
            "attribute": "irons_spellbooks:holy_spell_power",
            "operation": "addition",
            "value": -0.3,
            "name": "perdita_holy_antipathy"
        },
        {
            "attribute": "irons_spellbooks:holy_magic_resist",
            "operation": "addition",
            "value": -0.3,
            "name": "perdita_holy_antipathy"
        }
    ],
    "update_health": false
}