{
    "name": "Ice Antipathy",
    "description": "-30% Ice Spell Power\n-30% Ice Magic Resistance",
    "type": "origins:attribute",
    "modifiers": [
        {
            "attribute": "irons_spellbooks:ice_spell_power",
            "operation": "addition",
            "value": -0.3,
            "name": "perdita_ice_antipathy"
        },
        {
            "attribute": "irons_spellbooks:ice_magic_resist",
            "operation": "addition",
            "value": -0.3,
            "name": "perdita_ice_antipathy"
        }
    ],
    "update_health": false
}