{
    "name": "Mundane",
    "description": "Your spell power is set to 0. Your mana total is set to 0.",
    "type": "origins:attribute",
    "modifiers": [
        {
            "attribute": "irons_spellbooks:spell_power",
            "operation": "multiply_total",
            "value": -1,
            "name": "perdita_mundane"
        },
        {
            "attribute": "irons_spellbooks:max_mana",
            "operation": "multiply_total",
            "value": -1,
            "name": "perdita_mundane"
        }
    ],
    "update_health": false
}