{
    "name": "Nature Affinity",
    "description": "+30% Nature Spell Power\n+30% Nature Magic Resistance",
    "type": "origins:attribute",
    "modifiers": [
        {
            "attribute": "irons_spellbooks:nature_spell_power",
            "operation": "addition",
            "value": 0.3,
            "name": "perdita_nature_affinity"
        },
        {
            "attribute": "irons_spellbooks:nature_magic_resist",
            "operation": "addition",
            "value": 0.3,
            "name": "perdita_nature_affinity"
        }
    ],
    "update_health": false
}