{
    "name": "Light Weakness",
    "description": "When exposed to the sun, you get weakness 1 for 15 seconds.",
    "condition": {
        "type": "origins:and",
        "conditions": [
            {
                "type": "origins:exposed_to_sun"
            },
            {
                "inverted": true,
                "type": "origins:biome",
                "biomes": [
                    "minecraft:mushroom_fields",
                    "regions_unexplored:bioshroom_caves",
                    "regions_unexplored:fungal_fen",
                    "biomesoplenty:fungal_jungle"
                ]
            }
        ]
    },
    "type": "origins:action_over_time",
    "interval": 20,
    "entity_action": {
        "type": "origins:apply_effect",
        "effect": {
            "effect": "minecraft:weakness",
            "duration": 300,
            "amplifier": 0,
            "show_particles": true,
            "show_icon": true
        }
    }
}