{
    "name": "Fruiting Harvest",
    "description": "Pressing your primary abiltiy keybind will expend some hunger and give you a mushroom. ",
    "type": "origins:active_self",
    "entity_action": {
        "type": "origins:choice",
        "actions": [
            {
                "weight": 1,
                "element": {
                    "type": "origins:give",
                    "stack": {
                        "item": "minecraft:brown_mushroom",
                        "amount": 1
                    }
                }
            },
            {
                "weight": 1,
                "element": {
                    "type": "origins:give",
                    "stack": {
                        "item": "minecraft:red_mushroom"
                    }
                }
            }
        ]
    },
    "cooldown": 300,
    "hud_render": {
        "should_render": true,
        "sprite_location": "origins:textures/gui/community/spiderkolo/resource_bar_01.png",
        "bar_index": 7
    },
    "key": "primary"
}