{
    "name": "Spores",
    "description": "When hit, you release spores, inflicting Poison 2 on anyone within 5 blocks for 5 seconds.",
    "type": "origins:action_when_hit",
    "bientity_action": {
        "type": "origins:actor_action",
        "action": {
            "type": "origins:apply_effect",
            "effect": {
                "effect": "minecraft:poison",
                "duration": 100,
                "amplifier": 2,
                "show_particles": true,
                "show_icon": true
            }
        }
    },
    "bientity_condition": {
        "type": "origins:distance",
        "comparison": "<=",
        "compare_to": 5
    },
    "cooldown": 1
}