{
    "name": "Soul Drain",
    "description": "Siphon a small amount of the target's life force whenever you damage them.",
    "type": "origins:action_on_hit",
    "bientity_action": {
        "type": "origins:actor_action",
        "action": {
            "type": "origins:heal",
            "amount": 1
        }
    },
    "bientity_condition": {
        "type": "origins:target_condition",
        "condition": {
            "inverted": true,
            "type": "origins:entity_type",
            "entity_type": "dummmmmmy:target_dummy"
        }
    },
    "cooldown": 1
}