{
    "name": "Sun Withering",
    "description": "The power of the sun causes your form to wither and turn to dust from mere exposure.",
    "condition": {
        "type": "origins:exposed_to_sun"
    },
    "type": "origins:action_over_time",
    "interval": 20,
    "entity_action": {
        "type": "origins:apply_effect",
        "effect": {
            "effect": "minecraft:wither",
            "duration": 100,
            "amplifier": 1,
            "show_particles": true,
            "show_icon": true
        }
    }
}